generation,effort,run-9,run-50,run-6,run-51,run-40,run-49,run-12,run-1,run-4,run-36,run-14,run-21,run-8,run-39,run-52,run-22,run-20,run-2,run-42,run-26,run-10,run-7,run-0,run-59,run-11,run-24,run-5,run-23,run-35,run-3,run-17,run-37
0,2500,0.5069,0.6827,0.6184,0.6842,0.6036,0.6498,0.6292,0.6789,0.6237,0.6834,0.6375,0.7107,0.6483,0.5432,0.5794,0.5326,0.7848,0.6314,0.6813,0.6031,0.6117,0.6087,0.6479,0.6119,0.6295,0.5852,0.5645,0.6456,0.6237,0.7109,0.7182,0.6407
1,5000,0.5198,0.6327,0.7578,0.6842,0.6279,0.5238,0.5886,0.6827,0.6047,0.7129,0.6076,0.7107,0.4771,0.6296,0.6576,0.6499,0.7782,0.7488,0.7016,0.6441,0.6117,0.7026,0.6146,0.6119,0.5464,0.6566,0.6005,0.6268,0.5889,0.6229,0.6611,0.6407
2,7500,0.5507,0.6773,0.6509,0.5019,0.6004,0.6234,0.6150,0.5906,0.6047,0.6460,0.5883,0.6754,0.6121,0.6137,0.6301,0.6507,0.7392,0.7350,0.7161,0.6102,0.5091,0.7463,0.5654,0.5619,0.6701,0.5617,0.6435,0.7173,0.7464,0.6669,0.6905,0.5363
3,10000,0.5039,0.6330,0.7356,0.6137,0.6561,0.6222,0.5865,0.6350,0.6062,0.6460,0.6594,0.6278,0.6724,0.6137,0.5701,0.6100,0.5312,0.6974,0.7161,0.6102,0.5827,0.7261,0.6804,0.6633,0.6021,0.6452,0.7003,0.7173,0.7464,0.5990,0.6753,0.6693
4,12500,0.6794,0.5797,0.6697,0.6042,0.6186,0.6897,0.6737,0.6335,0.6405,0.6275,0.6495,0.5523,0.6938,0.6137,0.5816,0.5067,0.5465,0.6083,0.5660,0.6102,0.6844,0.6266,0.6912,0.5935,0.5392,0.6415,0.5908,0.5175,0.6633,0.5979,0.6905,0.7004
5,15000,0.6317,0.5866,0.6347,0.6410,0.7418,0.5963,0.6599,0.6998,0.6053,0.6303,0.6382,0.7693,0.7065,0.5930,0.6072,0.6815,0.7840,0.6295,0.6790,0.7301,0.5875,0.5748,0.7579,0.5676,0.4763,0.4780,0.6529,0.6543,0.5430,0.6913,0.6172,0.6936
6,17500,0.5815,0.7065,0.6347,0.5920,0.8238,0.5818,0.6329,0.6572,0.6391,0.6239,0.6754,0.7693,0.5945,0.6518,0.6384,0.5525,0.7840,0.6343,0.6663,0.5299,0.5792,0.6016,0.6587,0.5676,0.4774,0.5898,0.6604,0.6543,0.6069,0.6950,0.6656,0.7084
7,20000,0.6529,0.5653,0.5690,0.6227,0.6304,0.6630,0.4785,0.6572,0.6391,0.7319,0.6754,0.5888,0.5840,0.6570,0.6384,0.7296,0.6624,0.7520,0.6931,0.5748,0.6074,0.6016,0.6587,0.5654,0.4927,0.5904,0.6559,0.5869,0.6433,0.6601,0.5299,0.7145
8,22500,0.6229,0.7447,0.5690,0.7511,0.8238,0.6115,0.6480,0.6572,0.6142,0.6644,0.6593,0.5888,0.5840,0.6364,0.5780,0.4830,0.6624,0.7086,0.7054,0.7539,0.5998,0.7237,0.6394,0.5967,0.5510,0.6083,0.7489,0.6405,0.6357,0.6601,0.7165,0.6608
9,25000,0.6229,0.7447,0.7201,0.7005,0.8238,0.5942,0.5785,0.5885,0.6142,0.6644,0.7088,0.7552,0.6653,0.7042,0.6233,0.4995,0.7656,0.5899,0.7316,0.6881,0.5998,0.6882,0.7502,0.6285,0.6536,0.6134,0.5940,0.5869,0.6779,0.6803,0.6412,0.6142
10,27500,0.6363,0.7447,0.7548,0.5152,0.8238,0.7038,0.6240,0.6122,0.5638,0.6712,0.6522,0.7552,0.6653,0.7273,0.6309,0.5101,0.6990,0.7627,0.7316,0.7627,0.5587,0.7033,0.7467,0.6488,0.5092,0.6134,0.6538,0.7017,0.7290,0.7340,0.6605,0.6142
11,30000,0.6363,0.7319,0.7679,0.5152,0.8238,0.6751,0.6407,0.6188,0.7476,0.6893,0.6454,0.7287,0.6653,0.7193,0.6229,0.7175,0.6577,0.7627,0.7192,0.5278,0.5694,0.6746,0.6372,0.7269,0.7349,0.6629,0.6538,0.6927,0.5105,0.7240,0.7577,0.6142
12,32500,0.6325,0.7508,0.7212,0.6561,0.8300,0.7258,0.6610,0.6568,0.7098,0.6909,0.6813,0.7438,0.6395,0.7108,0.6350,0.6404,0.6703,0.7627,0.7495,0.6085,0.6290,0.6398,0.6817,0.6170,0.8161,0.7237,0.6690,0.6927,0.6280,0.7068,0.7009,0.6247
13,35000,0.6751,0.7508,0.7212,0.7043,0.6069,0.7258,0.6687,0.6568,0.7098,0.7018,0.7527,0.5980,0.6395,0.7138,0.6350,0.6496,0.6703,0.7627,0.7192,0.6085,0.6999,0.7070,0.7071,0.6170,0.8053,0.7237,0.5565,0.6794,0.6280,0.6698,0.5193,0.6247
14,37500,0.5772,0.6533,0.7212,0.7761,0.6069,0.6516,0.5443,0.5891,0.6579,0.7018,0.6835,0.5699,0.6083,0.7354,0.7031,0.6712,0.6036,0.8496,0.7046,0.5811,0.6240,0.7870,0.6754,0.7293,0.8174,0.6314,0.6619,0.6177,0.6284,0.6994,0.5193,0.6253
15,40000,0.6731,0.7087,0.7988,0.7761,0.5796,0.6883,0.5237,0.6994,0.5940,0.6772,0.6835,0.6640,0.6083,0.6470,0.7318,0.6175,0.6036,0.8496,0.7472,0.6759,0.6240,0.7593,0.7644,0.7293,0.5864,0.7274,0.7136,0.6980,0.6369,0.6793,0.5193,0.5808
16,42500,0.6638,0.7293,0.7922,0.6970,0.6354,0.7165,0.7006,0.6236,0.5952,0.7140,0.6869,0.5699,0.7050,0.6801,0.7494,0.6083,0.6644,0.7634,0.7321,0.7008,0.7263,0.7428,0.6965,0.7293,0.5396,0.7274,0.7123,0.6937,0.6284,0.7487,0.5361,0.6261
17,45000,0.6808,0.6792,0.7922,0.6893,0.5949,0.7165,0.6928,0.6810,0.6546,0.7137,0.6835,0.6586,0.7050,0.7373,0.7494,0.5827,0.6644,0.7633,0.7127,0.7319,0.7261,0.7490,0.6965,0.7073,0.8160,0.7199,0.7409,0.6589,0.6155,0.7240,0.7594,0.6766
18,47500,0.6793,0.6792,0.8037,0.7613,0.6534,0.6524,0.6928,0.6203,0.7106,0.7146,0.7286,0.6556,0.6560,0.7373,0.7389,0.6213,0.6963,0.7818,0.7857,0.6371,0.8199,0.7447,0.7015,0.7073,0.8132,0.7073,0.6579,0.6589,0.6155,0.6690,0.7733,0.6726
19,50000,0.6793,0.6792,0.8037,0.6148,0.6953,0.7011,0.6380,0.6208,0.7525,0.7146,0.6895,0.6847,0.6219,0.7151,0.7389,0.6410,0.7327,0.7916,0.7857,0.6558,0.8199,0.7533,0.6313,0.7073,0.7662,0.5450,0.7185,0.6303,0.7050,0.7156,0.5860,0.6629
20,52500,0.7065,0.6571,0.7744,0.6148,0.7029,0.6712,0.6375,0.6783,0.7276,0.7283,0.7532,0.6398,0.6767,0.7106,0.7205,0.6499,0.6954,0.8135,0.8017,0.7494,0.8493,0.7533,0.7747,0.6294,0.7662,0.7030,0.7185,0.7261,0.7302,0.7167,0.7544,0.6629
21,55000,0.6749,0.6485,0.7607,0.7814,0.8026,0.6712,0.6692,0.6337,0.6196,0.7942,0.6911,0.5867,0.7160,0.7482,0.7205,0.6499,0.6702,0.8250,0.6722,0.5565,0.8672,0.7295,0.7050,0.6294,0.4963,0.6869,0.7432,0.7522,0.7197,0.7006,0.6375,0.5986
22,57500,0.6749,0.6419,0.7607,0.7814,0.7694,0.6712,0.6437,0.6337,0.7288,0.7942,0.7117,0.6410,0.6758,0.6238,0.6753,0.5770,0.6785,0.8250,0.6704,0.6951,0.8549,0.7655,0.6881,0.7630,0.8361,0.6076,0.7432,0.6598,0.6501,0.7478,0.7197,0.5986
23,60000,0.6749,0.6133,0.7583,0.6821,0.5825,0.6515,0.6437,0.5649,0.6846,0.6709,0.6393,0.5472,0.7022,0.6936,0.7335,0.5770,0.7549,0.8250,0.6704,0.5910,0.8140,0.7443,0.8273,0.8201,0.5035,0.4986,0.7584,0.6772,0.6501,0.6747,0.6815,0.7755
24,62500,0.6749,0.6419,0.7194,0.6821,0.7668,0.6044,0.7454,0.6609,0.7246,0.7906,0.7253,0.6130,0.7159,0.6906,0.7335,0.7664,0.7549,0.8250,0.6704,0.7691,0.8495,0.7576,0.6083,0.7989,0.7889,0.6121,0.6866,0.6036,0.7197,0.6674,0.6102,0.7442
25,65000,0.7046,0.7911,0.8168,0.6974,0.7668,0.6405,0.7454,0.6010,0.7563,0.7800,0.7253,0.6229,0.7159,0.6388,0.6586,0.6533,0.6436,0.7984,0.6704,0.7691,0.8495,0.7576,0.7380,0.7989,0.7010,0.5957,0.7319,0.6008,0.7151,0.7752,0.7889,0.7442
26,67500,0.7390,0.8169,0.7450,0.7701,0.7789,0.6785,0.5285,0.6304,0.7275,0.7800,0.6393,0.6008,0.7052,0.6388,0.7248,0.6756,0.6436,0.7636,0.6595,0.7648,0.8666,0.7576,0.8071,0.7608,0.6918,0.6496,0.7319,0.7117,0.7480,0.7752,0.7889,0.7941
27,70000,0.7390,0.6610,0.8308,0.7822,0.7445,0.6704,0.7313,0.6010,0.7458,0.6154,0.7632,0.6152,0.7052,0.7766,0.6586,0.6840,0.6289,0.8110,0.7780,0.6539,0.8175,0.7783,0.7303,0.7046,0.8069,0.6194,0.7319,0.7087,0.6895,0.7542,0.5855,0.7317
28,72500,0.5538,0.6386,0.8308,0.6445,0.5192,0.7288,0.7779,0.6609,0.7268,0.6154,0.7645,0.5887,0.7227,0.7766,0.7248,0.7766,0.6464,0.7083,0.7729,0.7331,0.7410,0.7783,0.7786,0.7608,0.7921,0.6194,0.7319,0.7278,0.7620,0.7542,0.7543,0.6681
29,75000,0.6192,0.6278,0.7419,0.6257,0.5192,0.7545,0.7886,0.5454,0.7868,0.7196,0.7645,0.6575,0.7141,0.7165,0.6673,0.7681,0.5248,0.7467,0.7686,0.6691,0.8438,0.7579,0.7283,0.7497,0.7598,0.6496,0.7319,0.6894,0.7498,0.7358,0.7400,0.6957
30,77500,0.6496,0.6671,0.6157,0.6475,0.7965,0.6535,0.7886,0.5454,0.7709,0.7731,0.7290,0.6575,0.6636,0.7563,0.8054,0.7681,0.6416,0.8100,0.7661,0.7998,0.8438,0.7307,0.5959,0.7642,0.7732,0.6567,0.7674,0.7275,0.6706,0.7431,0.7481,0.6796
31,80000,0.6635,0.6671,0.6111,0.6865,0.7527,0.7223,0.7397,0.5338,0.7868,0.7280,0.7462,0.6912,0.6537,0.7494,0.7135,0.7681,0.6645,0.7867,0.7362,0.7950,0.7943,0.7051,0.7444,0.7383,0.7732,0.6347,0.7448,0.6926,0.5876,0.7431,0.7481,0.6363
32,82500,0.6635,0.6728,0.7419,0.6496,0.7923,0.7161,0.7335,0.5952,0.7506,0.7850,0.7323,0.5019,0.6891,0.7494,0.7567,0.5787,0.6645,0.8305,0.7143,0.7516,0.8320,0.7374,0.5909,0.7703,0.7317,0.5996,0.7863,0.6643,0.5876,0.7609,0.7481,0.7501
33,85000,0.6635,0.6728,0.7865,0.6496,0.7934,0.6802,0.7506,0.7827,0.7506,0.7131,0.7951,0.6465,0.6779,0.6935,0.6941,0.6664,0.5945,0.8305,0.6158,0.7818,0.8404,0.6971,0.7016,0.7301,0.7687,0.6239,0.7436,0.6643,0.6066,0.7733,0.7726,0.6771
34,87500,0.6635,0.7037,0.8134,0.6496,0.7934,0.6802,0.7060,0.7322,0.7354,0.7850,0.7190,0.5761,0.5625,0.7494,0.6394,0.6664,0.5727,0.8305,0.7586,0.7915,0.8404,0.7483,0.6461,0.7645,0.6711,0.5947,0.8104,0.6497,0.6129,0.7899,0.6361,0.6867
35,90000,0.6929,0.6550,0.8283,0.7269,0.7063,0.7386,0.7481,0.5303,0.7313,0.8210,0.7395,0.5909,0.7085,0.7808,0.6207,0.6590,0.7987,0.8305,0.7425,0.7988,0.8382,0.7483,0.6229,0.7128,0.7955,0.5947,0.7785,0.7328,0.6696,0.7559,0.7660,0.6632
36,92500,0.7360,0.6862,0.7791,0.6425,0.7594,0.7386,0.7481,0.6428,0.7147,0.7654,0.7714,0.5909,0.7085,0.7808,0.6956,0.6664,0.7987,0.7015,0.7331,0.7988,0.8382,0.7483,0.7082,0.7128,0.7133,0.6453,0.8087,0.6628,0.7379,0.7185,0.6723,0.6196
37,95000,0.7695,0.6729,0.7791,0.6346,0.7888,0.6411,0.5957,0.6307,0.7730,0.7907,0.7714,0.5909,0.6181,0.7808,0.5558,0.7048,0.8193,0.7472,0.7615,0.7075,0.8171,0.7483,0.7099,0.7820,0.7696,0.6057,0.8647,0.6882,0.7662,0.7185,0.8298,0.6867
38,97500,0.6862,0.7776,0.8252,0.6499,0.7564,0.7514,0.7254,0.6252,0.6666,0.7283,0.7533,0.6176,0.6888,0.7717,0.7546,0.7003,0.8264,0.7140,0.7715,0.7075,0.8171,0.7842,0.6695,0.7831,0.7000,0.6057,0.6784,0.7387,0.5880,0.7185,0.7304,0.7488
39,100000,0.7252,0.7113,0.8252,0.6605,0.7917,0.7377,0.5884,0.4767,0.7731,0.6870,0.7614,0.6014,0.7008,0.7609,0.5558,0.7003,0.6930,0.8421,0.6322,0.7773,0.8471,0.6815,0.7358,0.7249,0.6720,0.5936,0.7987,0.7137,0.5880,0.6451,0.8083,0.7199
40,102500,0.6862,0.6852,0.8122,0.6605,0.7542,0.7377,0.7575,0.7204,0.7322,0.7091,0.8002,0.6244,0.6357,0.8295,0.6094,0.6507,0.6930,0.8784,0.7692,0.7893,0.8584,0.7519,0.7304,0.7372,0.7739,0.5619,0.7730,0.7137,0.6174,0.8406,0.8025,0.7799
41,105000,0.6509,0.8033,0.6871,0.6171,0.7108,0.7682,0.7575,0.7317,0.7334,0.7963,0.8002,0.5285,0.4639,0.7430,0.6094,0.7187,0.8242,0.8784,0.7692,0.7801,0.8393,0.7439,0.6823,0.7475,0.7739,0.7095,0.7740,0.7013,0.7524,0.8441,0.8025,0.7434
42,107500,0.7182,0.8033,0.7821,0.6766,0.7108,0.7816,0.7484,0.7464,0.7698,0.7196,0.8062,0.5952,0.6246,0.8167,0.7908,0.7042,0.8026,0.8338,0.7727,0.8054,0.8393,0.7439,0.6861,0.8304,0.7739,0.6933,0.8189,0.7025,0.6190,0.8365,0.7736,0.7671
43,110000,0.7072,0.5363,0.7821,0.6766,0.7112,0.7818,0.7135,0.6664,0.7698,0.7196,0.8062,0.5952,0.6240,0.8167,0.7396,0.6937,0.8026,0.8108,0.7293,0.8054,0.7955,0.7165,0.6861,0.8345,0.7016,0.6946,0.8373,0.6899,0.6395,0.8362,0.7506,0.7936
44,112500,0.6763,0.7082,0.8322,0.6642,0.7688,0.7552,0.7135,0.7464,0.7698,0.7196,0.7788,0.5356,0.6288,0.7791,0.6808,0.7735,0.8242,0.8263,0.6520,0.8001,0.7760,0.7046,0.6606,0.8345,0.7053,0.5562,0.7802,0.7376,0.6472,0.7606,0.7506,0.7936
45,115000,0.6790,0.8166,0.8231,0.5562,0.7595,0.7552,0.7604,0.7913,0.8051,0.8368,0.7788,0.5138,0.5796,0.7254,0.6551,0.7609,0.8186,0.8937,0.7759,0.8001,0.7760,0.7366,0.6121,0.7701,0.6094,0.7302,0.8601,0.7293,0.5936,0.7890,0.7604,0.7456
46,117500,0.7103,0.8166,0.8389,0.6721,0.7577,0.7671,0.7876,0.7481,0.8051,0.8223,0.7788,0.4685,0.5796,0.7268,0.6802,0.7924,0.7948,0.8105,0.6922,0.8159,0.7973,0.6904,0.5661,0.8314,0.6106,0.6458,0.8925,0.7293,0.8004,0.7890,0.7638,0.7616
47,120000,0.7323,0.8115,0.8213,0.6235,0.7582,0.7560,0.7756,0.6279,0.8051,0.6997,0.7830,0.6541,0.5796,0.7322,0.6784,0.7924,0.7434,0.8178,0.6922,0.7880,0.7973,0.7398,0.6385,0.8314,0.6588,0.6458,0.8557,0.6909,0.7023,0.8573,0.7638,0.7516
48,122500,0.7279,0.8115,0.8213,0.5928,0.6593,0.7560,0.7626,0.6612,0.7978,0.6497,0.7651,0.6697,0.5796,0.7322,0.6669,0.7375,0.7904,0.8178,0.6006,0.7565,0.7857,0.8261,0.6288,0.7781,0.6415,0.5533,0.8927,0.6909,0.7023,0.7601,0.8258,0.7289
49,125000,0.7232,0.7852,0.8548,0.6662,0.6675,0.7152,0.7792,0.6741,0.7440,0.6484,0.7611,0.6009,0.6999,0.8203,0.6669,0.7375,0.7904,0.8056,0.6121,0.7149,0.8663,0.8217,0.5975,0.7591,0.5372,0.5533,0.8927,0.7289,0.7252,0.7424,0.8349,0.7516
50,127500,0.6363,0.7852,0.8548,0.6662,0.6675,0.7999,0.8360,0.7981,0.7440,0.8344,0.7103,0.6009,0.5392,0.8226,0.6137,0.7054,0.6681,0.8374,0.6121,0.7696,0.8663,0.8409,0.5975,0.7591,0.5372,0.6174,0.8120,0.6453,0.5623,0.7108,0.6417,0.6692
51,130000,0.6501,0.6760,0.8484,0.6662,0.6967,0.6858,0.8360,0.7981,0.7376,0.8344,0.7582,0.6009,0.7173,0.7207,0.6137,0.7040,0.7904,0.7403,0.7057,0.7870,0.8248,0.8409,0.7250,0.7591,0.5372,0.5938,0.8394,0.6768,0.6643,0.7229,0.8478,0.8508
52,132500,0.7321,0.8029,0.7385,0.7140,0.6649,0.8254,0.8214,0.7984,0.7376,0.6206,0.7374,0.7009,0.5700,0.7986,0.6137,0.7040,0.7063,0.8305,0.7219,0.7917,0.8461,0.8462,0.7046,0.7572,0.5372,0.5633,0.8394,0.7750,0.6643,0.6715,0.8530,0.7082
53,135000,0.7194,0.7671,0.7862,0.6092,0.6649,0.7143,0.8214,0.6749,0.6470,0.6206,0.7670,0.6252,0.6268,0.7986,0.7873,0.7474,0.7670,0.8408,0.7219,0.7921,0.8461,0.6191,0.7333,0.6344,0.5050,0.6181,0.8394,0.7556,0.6643,0.8087,0.8486,0.7373
54,137500,0.7153,0.8168,0.7862,0.7038,0.7232,0.6257,0.7388,0.8376,0.8123,0.6991,0.6568,0.6252,0.7161,0.7670,0.7979,0.6720,0.7824,0.8704,0.7067,0.7939,0.8461,0.6191,0.7333,0.7069,0.5275,0.5242,0.8183,0.7556,0.6643,0.8087,0.7861,0.8285
55,140000,0.7153,0.8168,0.8548,0.6379,0.7096,0.7482,0.7711,0.8598,0.6221,0.7313,0.8109,0.6252,0.7218,0.7670,0.7979,0.7365,0.7824,0.8531,0.7072,0.7939,0.8461,0.7876,0.7476,0.7069,0.5312,0.6181,0.8021,0.7844,0.6889,0.7902,0.8277,0.7505
56,142500,0.7194,0.8168,0.8548,0.5864,0.7096,0.7486,0.7388,0.8761,0.6372,0.7344,0.7064,0.6410,0.7256,0.8235,0.7979,0.7157,0.6788,0.7857,0.5791,0.8080,0.7778,0.8095,0.7476,0.8450,0.5923,0.6181,0.8234,0.7844,0.6975,0.7902,0.8150,0.7567
57,145000,0.7507,0.8168,0.8230,0.6858,0.7232,0.7105,0.7608,0.8460,0.7357,0.7373,0.6550,0.7153,0.6785,0.8246,0.5935,0.7469,0.7797,0.7776,0.5791,0.8080,0.9052,0.6303,0.6572,0.8433,0.5923,0.6455,0.8234,0.7844,0.6975,0.7902,0.7329,0.6457
58,147500,0.7140,0.8355,0.6890,0.5577,0.8120,0.7105,0.7898,0.7090,0.7643,0.7373,0.8099,0.7153,0.6785,0.8246,0.5935,0.7469,0.7797,0.8385,0.6466,0.7802,0.9052,0.8340,0.7127,0.6465,0.6831,0.6455,0.8234,0.7274,0.7552,0.7558,0.8150,0.6544
59,150000,0.6583,0.8088,0.6890,0.6930,0.8324,0.7467,0.8073,0.8152,0.7582,0.8062,0.7329,0.6344,0.6766,0.8130,0.6827,0.7469,0.8061,0.7955,0.6555,0.7938,0.9224,0.7845,0.7127,0.7938,0.7426,0.4779,0.8327,0.7795,0.6155,0.7558,0.7446,0.6626
60,152500,0.7047,0.8088,0.7634,0.6486,0.6396,0.7030,0.7082,0.8645,0.7582,0.8062,0.7329,0.6553,0.6521,0.7963,0.6337,0.7982,0.7465,0.7928,0.5944,0.7938,0.7573,0.7467,0.6808,0.8585,0.5866,0.5879,0.8327,0.7795,0.7575,0.8287,0.8237,0.7454
61,155000,0.6323,0.8206,0.9097,0.6486,0.8548,0.8153,0.7682,0.7292,0.6973,0.7097,0.7329,0.6698,0.7066,0.8700,0.7171,0.6974,0.6986,0.7928,0.7217,0.7935,0.7108,0.7839,0.7232,0.7633,0.6172,0.5344,0.9001,0.7924,0.6378,0.8146,0.8237,0.6661
62,157500,0.6323,0.8206,0.7691,0.6005,0.7270,0.8153,0.7091,0.7292,0.8688,0.7260,0.7401,0.6615,0.7316,0.8700,0.8793,0.5454,0.7996,0.7338,0.6787,0.7685,0.7899,0.7839,0.7094,0.7413,0.6395,0.6331,0.9001,0.7387,0.7346,0.8331,0.8367,0.6510
63,160000,0.7085,0.8204,0.9173,0.5236,0.8005,0.7752,0.7951,0.8387,0.6971,0.7260,0.7401,0.6561,0.6181,0.8279,0.7688,0.5273,0.7996,0.7745,0.6591,0.8157,0.7899,0.7331,0.7094,0.7413,0.6258,0.5072,0.8113,0.7714,0.7344,0.8331,0.8022,0.6755
64,162500,0.7085,0.8204,0.8172,0.7272,0.8005,0.7516,0.8132,0.7507,0.7303,0.7315,0.7249,0.6966,0.7302,0.8279,0.7688,0.6578,0.8016,0.7212,0.6591,0.8157,0.7899,0.7331,0.6467,0.8553,0.6346,0.5835,0.6904,0.7714,0.7271,0.8331,0.8088,0.6752
65,165000,0.6347,0.8634,0.7265,0.6968,0.7092,0.8348,0.8132,0.7507,0.7723,0.7315,0.7249,0.6685,0.6962,0.7892,0.8550,0.7890,0.7383,0.7229,0.7083,0.8353,0.7882,0.7331,0.6730,0.7923,0.6736,0.5835,0.8109,0.7714,0.7271,0.5850,0.8088,0.7663
66,167500,0.6019,0.8482,0.6983,0.5122,0.6240,0.8348,0.7495,0.8182,0.7696,0.7315,0.7232,0.6685,0.6962,0.7932,0.7443,0.6956,0.8252,0.7229,0.6931,0.8332,0.9224,0.7004,0.7283,0.8611,0.5658,0.5143,0.7846,0.7796,0.7271,0.8329,0.8088,0.7394
67,170000,0.6019,0.7915,0.8211,0.4611,0.6542,0.8588,0.8139,0.6627,0.7696,0.7402,0.7183,0.7019,0.7559,0.8483,0.7273,0.6482,0.7289,0.8082,0.7307,0.7048,0.8611,0.6269,0.6658,0.8308,0.5658,0.6475,0.7985,0.8117,0.7381,0.7370,0.8088,0.7394
68,172500,0.7610,0.7915,0.7685,0.6660,0.6542,0.8588,0.8139,0.6469,0.8794,0.7402,0.7336,0.6550,0.6638,0.7759,0.7684,0.7138,0.7262,0.8082,0.6951,0.7048,0.8083,0.7158,0.8331,0.8675,0.5473,0.5256,0.7985,0.8117,0.6527,0.7370,0.8088,0.7395
69,175000,0.5786,0.7945,0.7685,0.6660,0.7667,0.8588,0.7977,0.6917,0.8794,0.7636,0.7541,0.7457,0.7407,0.7841,0.8047,0.6982,0.7169,0.7002,0.6951,0.7048,0.8869,0.7158,0.7006,0.8675,0.5659,0.5256,0.7566,0.8051,0.6527,0.8418,0.8134,0.6509
70,177500,0.6282,0.8988,0.7154,0.7001,0.7299,0.8509,0.7795,0.7292,0.5897,0.7299,0.7541,0.6678,0.7276,0.8275,0.8047,0.6135,0.7671,0.6873,0.6925,0.8085,0.8284,0.6851,0.7184,0.8331,0.5947,0.5256,0.8341,0.7562,0.7338,0.6175,0.7886,0.7638
71,180000,0.6460,0.8988,0.7154,0.6313,0.7642,0.8509,0.7978,0.7832,0.8132,0.7613,0.7308,0.7633,0.7582,0.8275,0.7323,0.6135,0.6955,0.8080,0.7022,0.7785,0.7735,0.6769,0.8057,0.7990,0.5973,0.6500,0.7633,0.7316,0.7263,0.8445,0.7923,0.7638
72,182500,0.6460,0.7354,0.7476,0.5834,0.7620,0.7764,0.8022,0.7926,0.8132,0.7778,0.7174,0.7481,0.5463,0.8134,0.8230,0.6578,0.6955,0.6035,0.7055,0.7811,0.8253,0.6737,0.8141,0.7990,0.5852,0.6098,0.7054,0.7970,0.7504,0.5685,0.7227,0.6847
73,185000,0.5885,0.7304,0.7476,0.5834,0.6594,0.7950,0.7520,0.7669,0.7966,0.7767,0.6964,0.6991,0.8390,0.7975,0.7596,0.6370,0.7214,0.7438,0.7013,0.7946,0.8575,0.6220,0.8141,0.8785,0.5852,0.6147,0.7604,0.7337,0.6741,0.6214,0.7418,0.7063
74,187500,0.7561,0.7304,0.7744,0.6596,0.7289,0.8167,0.7896,0.8133,0.6689,0.7317,0.8025,0.7966,0.6647,0.7662,0.7524,0.6779,0.7349,0.7945,0.8029,0.7811,0.7696,0.7172,0.8458,0.8721,0.5687,0.7543,0.7604,0.7337,0.6741,0.6624,0.7112,0.7063
75,190000,0.6251,0.8829,0.7305,0.4908,0.7289,0.8167,0.7723,0.8252,0.7848,0.7750,0.7114,0.7966,0.6509,0.7247,0.9143,0.6370,0.8071,0.6837,0.7697,0.7946,0.8083,0.6893,0.7795,0.8240,0.6585,0.6047,0.8527,0.7334,0.6741,0.6624,0.8100,0.7139
76,192500,0.7151,0.8829,0.7305,0.4908,0.7174,0.8167,0.6652,0.8503,0.8486,0.7750,0.7114,0.8085,0.6509,0.7350,0.9572,0.6591,0.7340,0.8112,0.7764,0.7891,0.8471,0.7028,0.7823,0.8148,0.6051,0.6025,0.7452,0.7334,0.7059,0.8354,0.8100,0.8340
77,195000,0.7019,0.8695,0.7305,0.5113,0.7174,0.8219,0.6652,0.7776,0.7532,0.7750,0.6888,0.8085,0.8251,0.7367,0.9572,0.6861,0.7637,0.8172,0.7241,0.8875,0.8742,0.7014,0.7302,0.8309,0.5773,0.6082,0.7452,0.8067,0.7083,0.8370,0.8100,0.8340
78,197500,0.6956,0.9172,0.7649,0.6639,0.8006,0.7939,0.6380,0.7776,0.7061,0.8433,0.7187,0.7240,0.8550,0.7367,0.8546,0.6598,0.7178,0.8172,0.6665,0.8875,0.7927,0.7127,0.7302,0.8309,0.6683,0.5880,0.9172,0.7257,0.7382,0.8526,0.8100,0.8340
79,200000,0.5254,0.9068,0.7502,0.6639,0.7033,0.8542,0.5895,0.8240,0.8819,0.7750,0.7556,0.8002,0.8277,0.6420,0.8965,0.6598,0.7742,0.7488,0.6408,0.8572,0.7736,0.7391,0.7389,0.7755,0.5954,0.5272,0.7541,0.7634,0.7382,0.6634,0.6650,0.8110
80,202500,0.6586,0.9068,0.7519,0.6639,0.6476,0.8083,0.6349,0.8300,0.8890,0.7478,0.7359,0.7812,0.8326,0.5922,0.9564,0.6225,0.7742,0.7836,0.6665,0.9119,0.8772,0.7428,0.7583,0.7871,0.6177,0.6675,0.7276,0.7394,0.8333,0.6634,0.7035,0.8110
81,205000,0.7178,0.9068,0.7519,0.7097,0.6892,0.8217,0.6172,0.8835,0.8712,0.6962,0.7067,0.8097,0.8326,0.5922,0.7680,0.6572,0.8173,0.7760,0.7278,0.9371,0.8007,0.6796,0.7923,0.8239,0.5616,0.7329,0.8599,0.7978,0.8333,0.7909,0.8038,0.8110
82,207500,0.6586,0.8866,0.7349,0.6047,0.6875,0.8272,0.6261,0.8835,0.6461,0.7850,0.8262,0.7696,0.8003,0.7815,0.9573,0.7522,0.7427,0.6746,0.6237,0.8908,0.7599,0.6523,0.7747,0.8164,0.7093,0.7329,0.7687,0.8051,0.7403,0.7658,0.8038,0.8093
83,210000,0.7768,0.8866,0.6545,0.6047,0.7861,0.7412,0.6930,0.8835,0.6461,0.7713,0.8262,0.7696,0.5860,0.7322,0.7577,0.6654,0.6604,0.7945,0.6878,0.8875,0.7599,0.7783,0.7543,0.8239,0.4773,0.5076,0.7931,0.7026,0.7677,0.7909,0.8171,0.7154
84,212500,0.6965,0.8735,0.8225,0.5742,0.8045,0.8105,0.6614,0.6869,0.7227,0.7624,0.6932,0.7577,0.5860,0.7322,0.7185,0.6631,0.7103,0.6831,0.7311,0.9179,0.7153,0.7578,0.6834,0.8076,0.7172,0.6203,0.8159,0.7026,0.7677,0.8125,0.8180,0.7154
85,215000,0.7141,0.8735,0.8225,0.5500,0.7842,0.8191,0.6063,0.8958,0.6534,0.7624,0.7932,0.7947,0.7457,0.6367,0.7898,0.6411,0.7728,0.7369,0.7118,0.9007,0.8553,0.7028,0.7947,0.8115,0.7341,0.5081,0.8424,0.7966,0.6482,0.8125,0.7793,0.7675
86,217500,0.5774,0.8177,0.8225,0.5556,0.6851,0.8007,0.6063,0.7075,0.6914,0.7624,0.8012,0.7747,0.7457,0.7301,0.8590,0.7419,0.7458,0.7584,0.7778,0.9179,0.8813,0.7783,0.7947,0.7955,0.7502,0.5081,0.8335,0.7670,0.6482,0.8125,0.7525,0.7675
87,220000,0.6902,0.7913,0.8017,0.5556,0.7588,0.6990,0.6248,0.8612,0.7373,0.7624,0.8012,0.8097,0.7457,0.7301,0.9593,0.7419,0.6347,0.6996,0.7832,0.8908,0.8706,0.6931,0.7188,0.8115,0.7015,0.6410,0.8202,0.7844,0.7827,0.7499,0.8180,0.8652
88,222500,0.6444,0.7913,0.8111,0.7921,0.7314,0.6990,0.6248,0.8930,0.7373,0.7769,0.8120,0.7159,0.8174,0.7301,0.7744,0.6430,0.8073,0.8227,0.7832,0.8918,0.6800,0.7783,0.7430,0.7970,0.6415,0.5279,0.7913,0.8510,0.7592,0.7499,0.6807,0.7796
89,225000,0.6438,0.9072,0.5750,0.6899,0.7372,0.7667,0.6292,0.8930,0.8137,0.7722,0.8306,0.7831,0.7691,0.7347,0.9672,0.7429,0.7904,0.6695,0.6545,0.8999,0.8102,0.7021,0.7430,0.7970,0.6715,0.7369,0.7888,0.7604,0.7592,0.8098,0.6672,0.7936
90,227500,0.5625,0.8831,0.8455,0.6899,0.7451,0.7823,0.6003,0.7200,0.7957,0.7442,0.8120,0.7934,0.7812,0.7580,0.9309,0.7458,0.7127,0.6695,0.6862,0.8268,0.8793,0.7537,0.6989,0.8543,0.6715,0.5980,0.8346,0.8093,0.6777,0.7818,0.8689,0.7796
91,230000,0.7841,0.9216,0.7648,0.7686,0.7803,0.7674,0.7696,0.7200,0.8344,0.7599,0.7889,0.6969,0.6240,0.7540,0.8398,0.7289,0.8510,0.6702,0.6862,0.8125,0.8522,0.7697,0.7889,0.8543,0.6715,0.5279,0.8094,0.8019,0.6777,0.7857,0.8680,0.7796
92,232500,0.6993,0.9282,0.7494,0.8220,0.7861,0.7301,0.7696,0.9021,0.8214,0.7790,0.7938,0.7218,0.7776,0.6809,0.7762,0.7577,0.8510,0.8063,0.6173,0.8294,0.7753,0.7765,0.7889,0.9019,0.6715,0.5914,0.7815,0.6485,0.7895,0.7938,0.8667,0.7936
93,235000,0.5778,0.9282,0.6683,0.7315,0.7135,0.7301,0.7324,0.9021,0.7732,0.7726,0.7938,0.7321,0.7776,0.6809,0.8713,0.7577,0.7890,0.7296,0.6281,0.8526,0.8091,0.7783,0.7889,0.7084,0.6619,0.6507,0.7815,0.6917,0.7196,0.8056,0.7759,0.6999
94,237500,0.6433,0.9257,0.8593,0.7314,0.7571,0.6663,0.7696,0.8604,0.7102,0.7787,0.7298,0.7925,0.7776,0.6809,0.8713,0.7577,0.8028,0.7296,0.6781,0.8176,0.7983,0.8047,0.7121,0.6521,0.6619,0.7408,0.8659,0.6491,0.7341,0.8126,0.8385,0.6493
95,240000,0.7570,0.8779,0.8593,0.6938,0.8022,0.6663,0.6653,0.9108,0.7102,0.8005,0.7282,0.7321,0.8266,0.7479,0.8149,0.7577,0.8028,0.7747,0.6500,0.9013,0.8150,0.7079,0.7574,0.7920,0.6067,0.7469,0.8428,0.7482,0.8146,0.7892,0.8686,0.8321
96,242500,0.7227,0.7717,0.9103,0.6465,0.7764,0.6843,0.5198,0.8486,0.7268,0.7778,0.7754,0.7677,0.8398,0.6928,0.7885,0.7236,0.8028,0.7747,0.7156,0.8893,0.8633,0.7079,0.8393,0.7731,0.5960,0.6968,0.8742,0.6307,0.7397,0.8138,0.8594,0.8321
97,245000,0.7227,0.9354,0.9103,0.7770,0.7764,0.6843,0.4762,0.8109,0.7268,0.7578,0.8007,0.7132,0.8398,0.7242,0.7885,0.7344,0.7769,0.7947,0.7344,0.8481,0.8633,0.6522,0.7649,0.7704,0.6210,0.7183,0.8742,0.8167,0.8333,0.7013,0.8739,0.7717
98,247500,0.7227,0.9354,0.8923,0.7514,0.7951,0.7836,0.5198,0.9028,0.7272,0.7139,0.7948,0.7579,0.8034,0.7775,0.7685,0.7275,0.7412,0.7851,0.7357,0.8790,0.8522,0.6685,0.7649,0.7852,0.6210,0.6152,0.8721,0.8372,0.6712,0.8371,0.8422,0.6315
99,250000,0.7227,0.9354,0.8681,0.7949,0.8340,0.6928,0.7569,0.9028,0.8537,0.8245,0.7724,0.8681,0.7724,0.7775,0.9306,0.7239,0.7412,0.7804,0.6504,0.9051,0.6853,0.7564,0.8557,0.8041,0.6210,0.6152,0.8721,0.8170,0.6712,0.8371,0.8438,0.6993
100,252500,0.6971,0.9009,0.8681,0.8212,0.8340,0.7454,0.6004,0.8562,0.7914,0.7375,0.7549,0.7752,0.8112,0.6675,0.8923,0.7239,0.7814,0.7214,0.7589,0.8633,0.8787,0.6952,0.8557,0.8041,0.6396,0.6506,0.7590,0.8170,0.6947,0.8432,0.8558,0.7550
101,255000,0.8440,0.9367,0.8608,0.6462,0.8340,0.7787,0.6004,0.8562,0.7914,0.8508,0.7549,0.7752,0.8360,0.6675,0.9122,0.7973,0.7995,0.6838,0.7558,0.8662,0.8705,0.6977,0.7886,0.8147,0.4927,0.6506,0.7590,0.8716,0.7243,0.7921,0.9014,0.7187
102,257500,0.8147,0.8682,0.8681,0.7978,0.8424,0.7959,0.6004,0.8727,0.7914,0.7403,0.6791,0.7260,0.7793,0.8282,0.8096,0.7048,0.8168,0.7075,0.6956,0.8662,0.8351,0.7277,0.8602,0.8849,0.6084,0.6174,0.8710,0.8508,0.7243,0.8414,0.8646,0.7438
103,260000,0.7444,0.8682,0.8484,0.7978,0.7445,0.7044,0.6055,0.8722,0.7295,0.8241,0.6791,0.7879,0.8085,0.8282,0.8464,0.6671,0.8168,0.7334,0.7200,0.9098,0.8771,0.6518,0.8772,0.8610,0.5485,0.6174,0.8710,0.7827,0.6224,0.7254,0.8481,0.7438
104,262500,0.7680,0.8649,0.8882,0.7726,0.7648,0.7068,0.6055,0.8868,0.7295,0.7909,0.6747,0.8240,0.8085,0.8282,0.7970,0.6187,0.6821,0.6656,0.8189,0.8358,0.7369,0.6895,0.8772,0.7561,0.5847,0.5722,0.8177,0.8716,0.7074,0.7254,0.8630,0.7685
105,265000,0.8243,0.8647,0.9089,0.8135,0.7776,0.8180,0.6726,0.8722,0.7295,0.7392,0.6924,0.8240,0.7899,0.8480,0.7642,0.6035,0.7593,0.6656,0.8189,0.8922,0.8900,0.6732,0.8464,0.7521,0.6262,0.6446,0.9003,0.8425,0.7309,0.8265,0.8539,0.7805
106,267500,0.5859,0.8647,0.9089,0.8125,0.6980,0.8261,0.6098,0.8722,0.7840,0.7435,0.7539,0.7642,0.8495,0.8032,0.7319,0.5842,0.7595,0.7877,0.7939,0.7579,0.8772,0.6741,0.8204,0.9337,0.6262,0.6446,0.9352,0.6292,0.7209,0.8265,0.9063,0.7805
107,270000,0.8046,0.8647,0.9089,0.8125,0.7496,0.7667,0.6098,0.8868,0.7972,0.7143,0.6924,0.7642,0.8168,0.7765,0.8300,0.5991,0.8112,0.7334,0.7883,0.7579,0.8032,0.6742,0.9257,0.9241,0.6672,0.7060,0.8802,0.7723,0.7209,0.7986,0.7524,0.7473
108,272500,0.7301,0.8647,0.8884,0.8296,0.7904,0.8669,0.7468,0.8758,0.7705,0.6707,0.7148,0.6025,0.7924,0.7994,0.8911,0.5991,0.8123,0.6622,0.8246,0.8999,0.8898,0.6851,0.9154,0.8200,0.6672,0.7060,0.8621,0.7966,0.7176,0.8645,0.8682,0.6170
109,275000,0.7345,0.8647,0.8830,0.9137,0.7677,0.7802,0.7970,0.8758,0.7840,0.7277,0.7602,0.8000,0.8062,0.7994,0.8911,0.5991,0.8123,0.6559,0.7369,0.8535,0.8771,0.7891,0.9154,0.9034,0.6391,0.7060,0.8621,0.8535,0.6276,0.7396,0.8687,0.7099
110,277500,0.7232,0.8644,0.8091,0.9137,0.7710,0.7074,0.6786,0.8945,0.7705,0.8056,0.7602,0.7723,0.8168,0.7627,0.7561,0.5837,0.7676,0.6559,0.7369,0.8535,0.8900,0.7891,0.8579,0.8929,0.6391,0.5748,0.9076,0.8535,0.6411,0.7289,0.7848,0.7255
111,280000,0.7109,0.8644,0.8934,0.9266,0.7560,0.7717,0.7773,0.8636,0.7884,0.7401,0.7521,0.7508,0.8029,0.8271,0.8911,0.6901,0.7676,0.5732,0.8579,0.8378,0.8546,0.6945,0.8826,0.8929,0.6976,0.7086,0.7749,0.7233,0.6854,0.8442,0.8572,0.7325
112,282500,0.8173,0.8644,0.8934,0.9266,0.7232,0.6823,0.7246,0.8866,0.7985,0.8032,0.7521,0.5747,0.7549,0.8271,0.8297,0.6516,0.7982,0.7037,0.7443,0.7592,0.8371,0.7746,0.8826,0.7883,0.6976,0.7086,0.7749,0.7848,0.7358,0.8442,0.8942,0.7479
113,285000,0.8173,0.8888,0.8771,0.9132,0.7232,0.7810,0.7691,0.8735,0.8283,0.6796,0.7195,0.5747,0.7248,0.7563,0.7905,0.6989,0.7847,0.6182,0.8216,0.7912,0.9039,0.6935,0.8364,0.7774,0.4431,0.7086,0.6422,0.8384,0.6762,0.8284,0.7832,0.7839
114,287500,0.8191,0.8939,0.7820,0.9132,0.7823,0.7226,0.7743,0.8973,0.8297,0.8137,0.8399,0.5747,0.7248,0.8372,0.8611,0.7529,0.8179,0.6369,0.8693,0.8255,0.7020,0.6935,0.8191,0.7144,0.5166,0.5686,0.6422,0.7707,0.6551,0.8536,0.8844,0.8240
115,290000,0.8191,0.8939,0.8500,0.9030,0.7823,0.7226,0.7995,0.9151,0.8297,0.7039,0.7289,0.8552,0.7248,0.8372,0.8112,0.6989,0.7647,0.7652,0.8693,0.8255,0.7020,0.6246,0.8191,0.7320,0.5907,0.5834,0.8840,0.8101,0.6335,0.8536,0.7795,0.6964
116,292500,0.7816,0.9047,0.7651,0.8829,0.7836,0.6970,0.7995,0.8970,0.8297,0.8040,0.6513,0.5737,0.7584,0.7329,0.7894,0.6326,0.8179,0.7652,0.8693,0.6971,0.7020,0.7529,0.8191,0.6879,0.6374,0.5907,0.7931,0.8101,0.8190,0.8478,0.6853,0.7201
117,295000,0.8102,0.8782,0.8289,0.9122,0.8083,0.6787,0.7995,0.8648,0.8297,0.7275,0.6614,0.8213,0.7584,0.8185,0.8346,0.6577,0.8122,0.7865,0.8235,0.9000,0.7005,0.7529,0.8085,0.7789,0.5211,0.5907,0.7931,0.8070,0.7181,0.7830,0.6853,0.8558
118,297500,0.7984,0.9068,0.7098,0.8847,0.8267,0.8363,0.8471,0.8648,0.8344,0.8297,0.6614,0.7603,0.7207,0.8337,0.8346,0.6577,0.8138,0.6232,0.7788,0.9161,0.7342,0.7529,0.7446,0.7681,0.5814,0.5907,0.7931,0.8819,0.6335,0.8442,0.7289,0.8558
119,300000,0.8404,0.9068,0.8372,0.8372,0.8083,0.7357,0.8636,0.9391,0.8576,0.8119,0.8252,0.7216,0.7408,0.8429,0.7810,0.6789,0.7895,0.6893,0.8117,0.6920,0.7466,0.7529,0.7446,0.7681,0.5814,0.6330,0.8654,0.7971,0.8275,0.6554,0.7632,0.6464
120,302500,0.6581,0.8703,0.8372,0.7665,0.7876,0.7511,0.5655,0.8648,0.8149,0.8145,0.7144,0.7704,0.7265,0.8123,0.7976,0.6609,0.7543,0.6893,0.8744,0.9000,0.7466,0.7166,0.8085,0.7681,0.5814,0.6493,0.6737,0.7971,0.8163,0.6637,0.6879,0.6464
121,305000,0.7961,0.9198,0.7284,0.8047,0.7855,0.7111,0.6791,0.8399,0.8444,0.7656,0.6323,0.6084,0.7587,0.8123,0.8466,0.7039,0.8431,0.7524,0.8235,0.6386,0.8383,0.6395,0.8106,0.7812,0.5349,0.5814,0.6802,0.8967,0.7312,0.6637,0.8027,0.6547
122,307500,0.6372,0.9198,0.8340,0.8083,0.8243,0.7304,0.8098,0.8348,0.8045,0.8171,0.5703,0.6720,0.7309,0.7759,0.7972,0.5673,0.7871,0.7589,0.8744,0.8490,0.8586,0.6395,0.8055,0.7818,0.6188,0.5814,0.7379,0.7810,0.6848,0.5965,0.8265,0.7445
123,310000,0.7963,0.9198,0.7721,0.9136,0.8159,0.6160,0.7739,0.7807,0.8311,0.7498,0.7767,0.6720,0.7140,0.8392,0.8416,0.6736,0.7288,0.7182,0.8175,0.6588,0.8962,0.7011,0.8714,0.8225,0.6964,0.5814,0.8628,0.8352,0.6523,0.7167,0.6949,0.8130
124,312500,0.8298,0.7321,0.8229,0.9136,0.8063,0.6160,0.8434,0.7807,0.8450,0.7576,0.6371,0.7075,0.6938,0.8392,0.7928,0.6414,0.7571,0.7192,0.7932,0.8772,0.8466,0.7426,0.8287,0.6935,0.6964,0.5598,0.8628,0.7787,0.7750,0.7167,0.7944,0.8130
125,315000,0.5800,0.7201,0.8086,0.9025,0.7259,0.6341,0.8434,0.8604,0.8613,0.7576,0.6371,0.6718,0.8236,0.7584,0.7171,0.6956,0.7571,0.7247,0.7932,0.8330,0.8466,0.7426,0.7967,0.7933,0.5540,0.7347,0.7608,0.8165,0.7750,0.5825,0.6068,0.8456
126,317500,0.8010,0.7899,0.9121,0.8783,0.7259,0.6998,0.8000,0.8604,0.8799,0.7576,0.7366,0.6282,0.7000,0.8141,0.7966,0.7191,0.6869,0.6371,0.7960,0.8568,0.8439,0.7426,0.7857,0.7426,0.5540,0.7464,0.7607,0.8174,0.8646,0.6055,0.8768,0.8456
127,320000,0.8650,0.8254,0.9141,0.9207,0.7931,0.7689,0.7203,0.8604,0.8883,0.7104,0.7234,0.7645,0.7446,0.7951,0.7966,0.6401,0.6396,0.6371,0.7960,0.7989,0.9379,0.7113,0.7867,0.7933,0.6723,0.5448,0.7596,0.7856,0.7278,0.6055,0.8963,0.8482
128,322500,0.8043,0.8631,0.9141,0.9207,0.8048,0.7826,0.8109,0.8618,0.8085,0.7104,0.8501,0.6386,0.7809,0.8491,0.7966,0.7191,0.7399,0.6371,0.6845,0.7307,0.8304,0.6712,0.7867,0.7033,0.6922,0.7664,0.7577,0.7856,0.7430,0.6453,0.6736,0.8284
129,325000,0.5327,0.8631,0.8638,0.9084,0.7819,0.7615,0.8109,0.9185,0.7304,0.7429,0.8455,0.6848,0.7809,0.8491,0.7966,0.6379,0.7399,0.6425,0.6890,0.8713,0.9002,0.6705,0.7364,0.7381,0.4979,0.7190,0.7723,0.7583,0.7430,0.6453,0.7872,0.7353
130,327500,0.8431,0.8234,0.8638,0.9240,0.8548,0.7354,0.6580,0.7750,0.8381,0.7806,0.8455,0.6494,0.7925,0.8491,0.7470,0.6387,0.7111,0.6507,0.7377,0.8557,0.8731,0.5243,0.7867,0.8494,0.6960,0.7403,0.7723,0.7582,0.8361,0.6106,0.5117,0.7104
131,330000,0.8761,0.8484,0.8638,0.9438,0.8126,0.6862,0.8836,0.7457,0.8533,0.7621,0.8039,0.6848,0.7861,0.8949,0.7470,0.6354,0.7008,0.6293,0.6702,0.8557,0.8780,0.6676,0.7975,0.8282,0.7236,0.6796,0.7511,0.8995,0.8361,0.6106,0.5117,0.6603
132,332500,0.8761,0.8460,0.8585,0.9225,0.8181,0.7407,0.6727,0.7914,0.8533,0.7963,0.8039,0.6356,0.7861,0.8949,0.7470,0.6442,0.6921,0.6293,0.5628,0.8409,0.7920,0.6436,0.7971,0.8394,0.5301,0.5170,0.7511,0.7666,0.7772,0.6196,0.5268,0.7601
133,335000,0.8207,0.7741,0.9054,0.9359,0.8181,0.7416,0.9060,0.8367,0.8533,0.7722,0.8039,0.6848,0.7289,0.7869,0.7600,0.5386,0.6091,0.6813,0.5306,0.7334,0.8848,0.6456,0.7971,0.8145,0.6739,0.5170,0.7868,0.8913,0.7229,0.7927,0.7413,0.7601
134,337500,0.6174,0.7741,0.9054,0.9438,0.7549,0.6483,0.7980,0.8312,0.8298,0.8054,0.8070,0.7018,0.7289,0.8984,0.7600,0.5982,0.7681,0.6991,0.7365,0.7334,0.8436,0.6450,0.7749,0.8384,0.6117,0.6526,0.6712,0.8951,0.7772,0.7681,0.8105,0.5738
135,340000,0.6781,0.8793,0.8585,0.9359,0.8034,0.7704,0.7980,0.8023,0.8634,0.8163,0.8054,0.6848,0.7289,0.8724,0.7600,0.7007,0.7046,0.7108,0.8865,0.8594,0.8145,0.6450,0.7903,0.7406,0.6677,0.6903,0.7353,0.8951,0.7154,0.7588,0.8249,0.7210
136,342500,0.7053,0.8934,0.8903,0.9438,0.8034,0.7302,0.7980,0.9065,0.8170,0.7128,0.8043,0.6655,0.7280,0.9017,0.8110,0.6737,0.7046,0.7108,0.8710,0.8753,0.8167,0.5598,0.8021,0.8639,0.6166,0.6256,0.6994,0.8384,0.9018,0.7102,0.7274,0.7228
137,345000,0.8522,0.8934,0.8401,0.9615,0.7549,0.6412,0.7663,0.8286,0.8800,0.7128,0.8090,0.8097,0.7280,0.8446,0.8110,0.5671,0.6841,0.6278,0.8298,0.8291,0.8162,0.6016,0.7769,0.7032,0.6533,0.5928,0.7774,0.8143,0.7361,0.7662,0.8283,0.7228
138,347500,0.7773,0.8695,0.8739,0.9683,0.8167,0.6678,0.8397,0.7741,0.8077,0.7955,0.8196,0.8097,0.7120,0.8219,0.8110,0.5590,0.7892,0.7101,0.8298,0.8291,0.8094,0.6016,0.7539,0.5887,0.6550,0.6679,0.7605,0.8347,0.9018,0.7381,0.7541,0.6645
139,350000,0.7626,0.8768,0.7811,0.8596,0.7943,0.6647,0.8397,0.8824,0.7568,0.7278,0.8331,0.6359,0.7197,0.8228,0.7534,0.4753,0.7892,0.6908,0.8176,0.7785,0.8319,0.5946,0.6835,0.5887,0.6550,0.6284,0.7418,0.8347,0.8811,0.6824,0.8020,0.7358
140,352500,0.7249,0.8477,0.7902,0.9710,0.8113,0.6864,0.8562,0.8824,0.7568,0.8184,0.8196,0.6359,0.7197,0.8228,0.7376,0.4753,0.7592,0.7239,0.7928,0.7844,0.8423,0.5963,0.7226,0.6089,0.6597,0.6868,0.7418,0.8376,0.8811,0.6832,0.7541,0.7268
141,355000,0.7249,0.8105,0.7424,0.9675,0.7916,0.7691,0.8700,0.8768,0.7379,0.8184,0.8218,0.7408,0.7197,0.8228,0.7455,0.6576,0.6065,0.6697,0.8653,0.8331,0.7779,0.5705,0.6560,0.7963,0.6557,0.6728,0.7673,0.8376,0.8818,0.7187,0.6798,0.7007
142,357500,0.7622,0.9115,0.7478,0.9058,0.8032,0.6479,0.8083,0.8768,0.8375,0.8029,0.6356,0.7440,0.7042,0.8172,0.7689,0.6186,0.6908,0.7335,0.8176,0.8050,0.6507,0.5705,0.6873,0.8017,0.6962,0.6040,0.7868,0.8515,0.8909,0.6832,0.6798,0.7673
143,360000,0.6535,0.9115,0.7139,0.9453,0.7332,0.5949,0.8083,0.8768,0.7715,0.8187,0.6356,0.7819,0.8149,0.7929,0.7455,0.5508,0.7739,0.7249,0.8777,0.7552,0.8339,0.6169,0.6873,0.6370,0.6855,0.6270,0.8076,0.8692,0.8555,0.6587,0.7104,0.6656
144,362500,0.7060,0.9115,0.7478,0.9649,0.8279,0.6875,0.8567,0.8768,0.7495,0.8156,0.8331,0.7819,0.7837,0.7929,0.7320,0.7026,0.7739,0.6851,0.8777,0.8313,0.8388,0.6255,0.7973,0.7808,0.7206,0.6270,0.7919,0.9230,0.8922,0.6704,0.7302,0.6884
145,365000,0.6998,0.8004,0.6613,0.9466,0.7462,0.6124,0.8686,0.7911,0.7495,0.8570,0.8331,0.8166,0.7229,0.8603,0.7693,0.5820,0.6831,0.7306,0.8707,0.8084,0.7782,0.6255,0.7568,0.8273,0.6278,0.6857,0.8460,0.8629,0.8526,0.6512,0.8093,0.6520
146,367500,0.7410,0.8004,0.7043,0.9734,0.7462,0.5998,0.7889,0.9230,0.8161,0.7960,0.7863,0.7530,0.8399,0.7638,0.7509,0.6460,0.8033,0.8162,0.8800,0.8125,0.8694,0.6252,0.8150,0.7525,0.7363,0.6857,0.8202,0.8404,0.9047,0.7307,0.7367,0.7087
147,370000,0.7410,0.8004,0.6836,0.9734,0.7124,0.6861,0.7889,0.9098,0.8161,0.8290,0.8077,0.6917,0.6768,0.8680,0.7509,0.6544,0.8033,0.7261,0.8800,0.7949,0.8035,0.7482,0.7896,0.5959,0.5374,0.6984,0.8022,0.8588,0.9047,0.7099,0.7375,0.7758
148,372500,0.7894,0.8049,0.6497,0.9734,0.7124,0.6783,0.7889,0.8617,0.7107,0.8428,0.8256,0.8012,0.7725,0.8680,0.7444,0.6715,0.8033,0.7491,0.8800,0.7316,0.7782,0.7482,0.7619,0.5959,0.5455,0.6734,0.8022,0.8404,0.8914,0.7764,0.7375,0.7244
149,375000,0.7894,0.8871,0.6497,0.9734,0.6920,0.6462,0.8652,0.8230,0.7107,0.8286,0.8311,0.7931,0.7725,0.8680,0.7989,0.7562,0.7524,0.7491,0.8438,0.8030,0.7728,0.6958,0.8063,0.6935,0.5829,0.5185,0.8222,0.8713,0.8773,0.7764,0.7559,0.7244
150,377500,0.7894,0.8229,0.6528,0.9724,0.7338,0.4986,0.8652,0.8617,0.8040,0.7365,0.7136,0.7665,0.7419,0.8680,0.7989,0.7966,0.8756,0.9328,0.8637,0.8266,0.7728,0.6921,0.7570,0.6668,0.5829,0.4815,0.8222,0.8990,0.8371,0.7783,0.7559,0.7364
151,380000,0.7575,0.8176,0.8620,0.9716,0.7338,0.6175,0.6156,0.8458,0.7936,0.8290,0.6424,0.7665,0.6940,0.7167,0.7434,0.6336,0.7949,0.9328,0.8441,0.7735,0.8214,0.6936,0.7777,0.8101,0.5829,0.6415,0.7914,0.8477,0.8936,0.6750,0.7716,0.7364
152,382500,0.7562,0.9086,0.8620,0.9718,0.7925,0.6175,0.6286,0.8463,0.8383,0.8162,0.7581,0.7512,0.7410,0.8460,0.7434,0.6859,0.7940,0.8352,0.7912,0.7735,0.8558,0.7057,0.7718,0.6275,0.5829,0.6415,0.7914,0.8773,0.8429,0.6750,0.7716,0.6338
153,385000,0.8197,0.8196,0.8620,0.9304,0.6544,0.7015,0.6286,0.8311,0.8852,0.8162,0.7581,0.7684,0.7410,0.7796,0.6851,0.6406,0.7778,0.8352,0.8441,0.7238,0.7798,0.6242,0.7435,0.7567,0.4923,0.8143,0.7892,0.8508,0.8429,0.7190,0.7991,0.6233
154,387500,0.8197,0.8401,0.8620,0.9304,0.7925,0.5436,0.7805,0.8157,0.9156,0.8058,0.7152,0.7684,0.7410,0.7998,0.7749,0.7034,0.8701,0.7188,0.8493,0.7930,0.7942,0.6242,0.7883,0.7690,0.6080,0.7423,0.7541,0.8888,0.8938,0.7051,0.7991,0.6927
155,390000,0.8197,0.8166,0.8451,0.9735,0.7627,0.6165,0.7918,0.8716,0.7952,0.7493,0.8080,0.7458,0.7578,0.7771,0.6868,0.6822,0.8701,0.7222,0.8335,0.8588,0.8304,0.5566,0.7365,0.7690,0.6521,0.7747,0.7802,0.7890,0.8986,0.6770,0.7479,0.6983
156,392500,0.7502,0.8963,0.6744,0.9658,0.7866,0.6165,0.7918,0.8716,0.8918,0.7669,0.7613,0.7196,0.6787,0.8454,0.6868,0.6292,0.8623,0.8099,0.7729,0.8588,0.7775,0.5662,0.7365,0.7690,0.6521,0.7529,0.7802,0.8732,0.8767,0.7011,0.7479,0.6098
157,395000,0.8197,0.8047,0.6744,0.9582,0.7516,0.7303,0.7789,0.7982,0.8686,0.7655,0.7952,0.6817,0.7581,0.8454,0.6659,0.6697,0.8568,0.8099,0.8798,0.8584,0.7593,0.6119,0.7910,0.7063,0.6479,0.7432,0.8095,0.8942,0.8767,0.6904,0.7918,0.6098
158,397500,0.8422,0.8656,0.8050,0.9557,0.7137,0.4645,0.7918,0.8699,0.8391,0.8176,0.8312,0.6817,0.8066,0.8705,0.6868,0.6883,0.7058,0.7589,0.8477,0.8155,0.7560,0.5662,0.8024,0.8666,0.5792,0.7108,0.8095,0.8579,0.8805,0.6904,0.7729,0.6457
159,400000,0.6455,0.8205,0.8179,0.9357,0.5818,0.6006,0.7799,0.8231,0.8006,0.8632,0.7726,0.6752,0.8066,0.8705,0.8137,0.6513,0.7090,0.7589,0.8573,0.8833,0.8205,0.5732,0.7874,0.8666,0.5558,0.7108,0.8110,0.8319,0.9056,0.7416,0.7918,0.6457
160,402500,0.5919,0.8205,0.8784,0.9680,0.6438,0.6462,0.8156,0.8231,0.8445,0.7350,0.7656,0.6815,0.8066,0.8331,0.6701,0.7323,0.7090,0.7487,0.8247,0.9039,0.8013,0.6599,0.7581,0.8616,0.5924,0.4561,0.7800,0.7597,0.8983,0.7062,0.7755,0.7090
161,405000,0.7915,0.8205,0.8456,0.9097,0.6438,0.7510,0.7585,0.8256,0.8417,0.7114,0.7656,0.6862,0.7236,0.8618,0.6519,0.7844,0.6592,0.7698,0.8698,0.8400,0.6864,0.6442,0.7967,0.8616,0.6641,0.4887,0.8411,0.8002,0.8983,0.7413,0.8249,0.5606
162,407500,0.8308,0.9159,0.8270,0.9097,0.6843,0.8507,0.8533,0.7296,0.8417,0.8254,0.7731,0.6862,0.7320,0.8128,0.7733,0.6988,0.7795,0.7947,0.8158,0.7713,0.7276,0.6442,0.7967,0.8616,0.6641,0.6900,0.8411,0.8374,0.8928,0.7218,0.8249,0.6315
163,410000,0.7741,0.9159,0.8728,0.9732,0.6843,0.8403,0.7674,0.8476,0.8391,0.8088,0.7393,0.5219,0.7320,0.7903,0.7801,0.8070,0.7024,0.8020,0.8822,0.9025,0.7523,0.6876,0.7530,0.8208,0.5809,0.6900,0.8411,0.8237,0.9289,0.7585,0.8074,0.6537
164,412500,0.7289,0.9099,0.8434,0.9732,0.6434,0.7958,0.8233,0.8277,0.8986,0.8065,0.8162,0.7043,0.6732,0.8732,0.7801,0.8102,0.7928,0.7544,0.8267,0.7333,0.8015,0.6876,0.7530,0.6520,0.6846,0.7002,0.8411,0.8260,0.8434,0.7585,0.8298,0.7210
165,415000,0.7289,0.9099,0.7179,0.9733,0.5929,0.8317,0.8097,0.8466,0.8915,0.7602,0.7766,0.7043,0.8481,0.8732,0.7801,0.7652,0.8908,0.8613,0.8995,0.7957,0.8484,0.6314,0.8163,0.8684,0.5520,0.6744,0.8636,0.8237,0.8779,0.7585,0.8740,0.4883
166,417500,0.8470,0.9092,0.7910,0.9785,0.5929,0.8317,0.8821,0.8466,0.8391,0.8229,0.8044,0.7043,0.8481,0.8051,0.6319,0.6968,0.8534,0.7490,0.7621,0.8153,0.8597,0.7133,0.8783,0.8684,0.5520,0.6951,0.7978,0.7899,0.8779,0.7585,0.8074,0.4616
167,420000,0.6987,0.8687,0.7910,0.9801,0.5929,0.8329,0.8821,0.8239,0.9095,0.6888,0.7571,0.7043,0.8553,0.7656,0.7249,0.6990,0.8908,0.8213,0.8937,0.8472,0.7138,0.7126,0.8098,0.8596,0.6539,0.6847,0.8029,0.8499,0.8779,0.7318,0.7742,0.4616
168,422500,0.8358,0.8687,0.7351,0.9801,0.5929,0.8392,0.8821,0.8466,0.8455,0.8587,0.7580,0.6625,0.7989,0.7656,0.6277,0.7688,0.8833,0.8829,0.8742,0.8472,0.8117,0.7126,0.8098,0.8286,0.6539,0.6847,0.7928,0.8499,0.8796,0.7672,0.8177,0.7046
169,425000,0.8358,0.8725,0.7642,0.9734,0.5929,0.8331,0.8585,0.8466,0.9095,0.8286,0.7816,0.6178,0.8790,0.7656,0.6648,0.7485,0.8833,0.6962,0.8742,0.7565,0.8117,0.6416,0.7193,0.8726,0.5508,0.6452,0.7217,0.8740,0.8801,0.7672,0.8182,0.6275
170,427500,0.7804,0.9071,0.9120,0.9762,0.7288,0.8229,0.8535,0.8203,0.8809,0.8295,0.8021,0.6178,0.8265,0.7150,0.8128,0.7485,0.9306,0.8320,0.8736,0.8472,0.8022,0.6527,0.6718,0.8726,0.7096,0.7494,0.7928,0.8450,0.8801,0.7760,0.7590,0.6131
171,430000,0.7439,0.8935,0.9120,0.9697,0.7960,0.8229,0.8588,0.8241,0.8831,0.8201,0.8021,0.7492,0.8451,0.8841,0.7058,0.8172,0.8398,0.8884,0.8598,0.8411,0.7894,0.5599,0.7823,0.7952,0.7096,0.6063,0.7828,0.8189,0.8770,0.7866,0.6714,0.7639
172,432500,0.7439,0.8935,0.7554,0.9476,0.8041,0.8229,0.8575,0.8364,0.9178,0.8074,0.8054,0.6882,0.8451,0.7626,0.8217,0.7862,0.7880,0.7901,0.8944,0.8957,0.8907,0.5599,0.8178,0.8696,0.5176,0.7210,0.7214,0.8469,0.8878,0.8145,0.7111,0.6145
173,435000,0.7422,0.9000,0.8036,0.9787,0.7548,0.7313,0.8575,0.8241,0.8619,0.8481,0.9179,0.5632,0.8495,0.7626,0.8217,0.7862,0.8398,0.8474,0.8516,0.8980,0.6997,0.5707,0.8818,0.8227,0.5907,0.6645,0.7328,0.7864,0.8593,0.7738,0.7377,0.7810
174,437500,0.7422,0.9025,0.8298,0.9358,0.8297,0.7427,0.8575,0.8532,0.8619,0.7704,0.8014,0.6830,0.8713,0.7516,0.7540,0.7862,0.8398,0.8226,0.8192,0.6586,0.7473,0.7966,0.8818,0.6705,0.7407,0.6400,0.7346,0.8282,0.9144,0.7744,0.7964,0.6136
175,440000,0.7392,0.9203,0.9300,0.9358,0.8297,0.7485,0.8575,0.8126,0.8535,0.8293,0.8043,0.7493,0.8495,0.7727,0.7540,0.6990,0.8601,0.7111,0.8516,0.8483,0.7414,0.8150,0.8552,0.6426,0.5907,0.6612,0.8265,0.8764,0.9144,0.8145,0.7491,0.6136
176,442500,0.7650,0.9201,0.9282,0.9777,0.7409,0.7463,0.8575,0.8126,0.8635,0.8558,0.7828,0.5910,0.7782,0.7336,0.7416,0.7608,0.7978,0.6732,0.8288,0.9659,0.8513,0.6652,0.8552,0.6426,0.5907,0.6275,0.7410,0.8764,0.8978,0.7981,0.7835,0.7684
177,445000,0.7515,0.8933,0.9282,0.9757,0.7409,0.7533,0.8074,0.7985,0.8619,0.7997,0.7805,0.6914,0.7472,0.7255,0.7416,0.6957,0.7203,0.6902,0.8094,0.8768,0.8042,0.5738,0.8489,0.8238,0.7099,0.6957,0.8271,0.8729,0.8978,0.6695,0.8517,0.6168
178,447500,0.7033,0.9025,0.9028,0.9800,0.8432,0.7902,0.8113,0.7985,0.8314,0.8504,0.8283,0.6765,0.6535,0.7855,0.6910,0.6990,0.8429,0.8980,0.7977,0.9453,0.7193,0.5442,0.7443,0.7943,0.6993,0.6233,0.7955,0.8575,0.8707,0.7563,0.7538,0.5827
179,450000,0.7033,0.9182,0.9028,0.9769,0.7792,0.7902,0.8525,0.8100,0.8314,0.8028,0.8540,0.7201,0.6535,0.8269,0.6778,0.7165,0.8429,0.7097,0.8858,0.8423,0.7075,0.8106,0.7443,0.7943,0.6238,0.7301,0.7758,0.8152,0.8599,0.8885,0.7802,0.7661
180,452500,0.7410,0.9145,0.9112,0.9939,0.6893,0.7723,0.8969,0.8412,0.8152,0.7483,0.8540,0.7725,0.6535,0.7316,0.7454,0.6131,0.8429,0.9737,0.8701,0.8767,0.7767,0.8185,0.7443,0.8652,0.6464,0.7156,0.8531,0.7519,0.8599,0.8334,0.8517,0.7646
181,455000,0.7410,0.8584,0.9112,0.9824,0.7406,0.7723,0.8572,0.8412,0.9446,0.8207,0.7274,0.6694,0.6640,0.8233,0.7623,0.7045,0.7059,0.7100,0.8577,0.8890,0.7767,0.4794,0.7493,0.7445,0.7346,0.6176,0.7347,0.8293,0.8599,0.7895,0.6721,0.6854
182,457500,0.6814,0.8584,0.8301,0.9939,0.7192,0.7466,0.8572,0.8816,0.7850,0.8204,0.7599,0.7657,0.9151,0.7321,0.7061,0.6645,0.7152,0.7100,0.8586,0.9264,0.7193,0.7099,0.8214,0.7490,0.6869,0.7382,0.7238,0.8495,0.8666,0.8319,0.7963,0.7247
183,460000,0.7323,0.9165,0.8301,0.9322,0.7560,0.7466,0.8677,0.8446,0.9154,0.8114,0.8928,0.7342,0.8089,0.8590,0.7094,0.7590,0.7152,0.8698,0.8246,0.8465,0.7675,0.7926,0.7502,0.7490,0.6869,0.6176,0.7238,0.8495,0.8372,0.8319,0.7545,0.7247
184,462500,0.7631,0.8886,0.8316,0.8347,0.7293,0.7520,0.9200,0.8446,0.7765,0.7394,0.9009,0.8403,0.7318,0.8186,0.7094,0.7282,0.8246,0.8189,0.8280,0.8658,0.7329,0.7857,0.7182,0.7344,0.7206,0.6066,0.7494,0.8470,0.8115,0.8319,0.7181,0.7416
185,465000,0.6726,0.8886,0.8434,0.8347,0.7387,0.7859,0.9200,0.8311,0.8630,0.8064,0.8366,0.7308,0.6887,0.8186,0.8111,0.6830,0.8238,0.8607,0.7590,0.9071,0.8336,0.8577,0.7828,0.8316,0.7159,0.6283,0.7329,0.8414,0.8115,0.8075,0.8519,0.7554
186,467500,0.7161,0.8886,0.8434,0.7863,0.7659,0.7487,0.9200,0.8308,0.9032,0.8024,0.8928,0.6869,0.8492,0.8298,0.6371,0.6541,0.8746,0.9180,0.8352,0.8999,0.7773,0.8194,0.7582,0.6587,0.7043,0.7734,0.7151,0.8485,0.8566,0.8259,0.6941,0.7554
187,470000,0.7280,0.8788,0.8250,0.9794,0.8222,0.6714,0.9200,0.8740,0.9159,0.7476,0.8157,0.7906,0.7804,0.7952,0.6247,0.5938,0.8746,0.7768,0.7904,0.8999,0.7470,0.8563,0.7793,0.6924,0.7185,0.7327,0.7702,0.8427,0.8515,0.8155,0.7269,0.7900
188,472500,0.6562,0.9156,0.8698,0.8606,0.7585,0.7488,0.9200,0.7719,0.8540,0.7476,0.8602,0.8403,0.7804,0.7133,0.6673,0.7730,0.8169,0.9271,0.8714,0.8972,0.7044,0.7666,0.7703,0.6924,0.8316,0.7349,0.7702,0.8427,0.8626,0.8274,0.6869,0.6288
189,475000,0.6562,0.9156,0.8571,0.8450,0.7199,0.6916,0.8918,0.7719,0.9311,0.7244,0.7838,0.6859,0.8357,0.7133,0.6932,0.7749,0.8169,0.8558,0.8424,0.8972,0.7112,0.6824,0.8606,0.7794,0.8316,0.7795,0.7094,0.8427,0.8376,0.8419,0.8379,0.7013
190,477500,0.6553,0.9156,0.8728,0.8486,0.7492,0.7703,0.9256,0.7719,0.8538,0.6147,0.8467,0.6447,0.8357,0.7569,0.6133,0.7749,0.7980,0.9731,0.8424,0.8850,0.7255,0.6824,0.8162,0.7026,0.7083,0.7546,0.7905,0.8678,0.8670,0.8419,0.8270,0.7719
191,480000,0.6553,0.9154,0.8728,0.8694,0.7492,0.7216,0.9256,0.8276,0.9427,0.6147,0.9055,0.6379,0.8459,0.8090,0.8127,0.8054,0.7412,0.6612,0.8029,0.8810,0.7508,0.8505,0.7911,0.8293,0.8310,0.6894,0.6893,0.8640,0.8722,0.7809,0.8242,0.6280
192,482500,0.6553,0.9154,0.8284,0.8560,0.7396,0.7631,0.8795,0.8089,0.8783,0.8075,0.8347,0.6691,0.8459,0.7361,0.6764,0.6972,0.7239,0.8778,0.9259,0.8286,0.8045,0.7555,0.8035,0.8021,0.7267,0.7546,0.7174,0.8830,0.8722,0.7809,0.8660,0.7742
193,485000,0.6839,0.9156,0.8284,0.8694,0.6833,0.7562,0.8795,0.8951,0.8807,0.7284,0.8798,0.6674,0.8076,0.7361,0.5575,0.7388,0.7452,0.8778,0.8185,0.8590,0.8538,0.7682,0.7206,0.7418,0.7195,0.8003,0.6128,0.8732,0.8722,0.8507,0.7940,0.7742
194,487500,0.6502,0.9154,0.8599,0.7446,0.7013,0.6820,0.9232,0.7083,0.8807,0.7788,0.8226,0.6822,0.8919,0.8007,0.5575,0.7481,0.7754,0.6517,0.8772,0.8689,0.7066,0.6853,0.8092,0.7418,0.7195,0.7752,0.6128,0.8732,0.7904,0.7655,0.8485,0.7820
195,490000,0.6033,0.9247,0.8599,0.8760,0.7013,0.6820,0.9232,0.7083,0.8475,0.7228,0.9191,0.6320,0.7068,0.7852,0.5513,0.7366,0.7469,0.9502,0.8068,0.7685,0.7228,0.7178,0.8092,0.7492,0.7698,0.7752,0.7969,0.7758,0.8589,0.8178,0.7194,0.6884
196,492500,0.6033,0.9135,0.8357,0.9939,0.6992,0.6856,0.9232,0.7083,0.8475,0.6889,0.9183,0.6113,0.7743,0.7712,0.6499,0.7767,0.7796,0.8151,0.8470,0.8133,0.6593,0.6614,0.8309,0.8111,0.7637,0.7390,0.7969,0.8647,0.8589,0.8521,0.7850,0.6884
197,495000,0.6033,0.9282,0.8357,0.9305,0.7241,0.6856,0.9607,0.8535,0.8342,0.6293,0.9242,0.7078,0.8727,0.7519,0.6499,0.7411,0.7796,0.8713,0.9034,0.9516,0.7481,0.7236,0.8792,0.8307,0.6286,0.6927,0.7969,0.7927,0.7217,0.7213,0.8335,0.6706
198,497500,0.6957,0.9222,0.7975,0.8828,0.6536,0.7714,0.9607,0.8648,0.8209,0.7562,0.9364,0.5014,0.9092,0.6735,0.6499,0.6503,0.6785,0.7854,0.8400,0.9516,0.7275,0.7253,0.8768,0.8264,0.6675,0.6680,0.7214,0.7162,0.7155,0.8527,0.8118,0.6950
199,500000,0.6882,0.9272,0.7779,0.8599,0.6917,0.7714,0.9607,0.8648,0.8999,0.8191,0.9188,0.5014,0.7928,0.7883,0.6261,0.7239,0.7270,0.9408,0.8062,0.9516,0.6971,0.7605,0.8627,0.8264,0.7895,0.7725,0.7432,0.7145,0.7155,0.7297,0.8427,0.6950
